Owned Area - Building Inventory 2,,,,,,,,,,,,,,,,,,,,
,,,,,,,,,,,,,,,,,,,,
,,,,,,,,,,,,,,,,,,,,
District,Fin-Sub,Chrgbl Fin No,PO Name,Unit Name,Property Address,County,City,ST,ZIP Code,Property Status,Ownership,FDB ID (All),AMS Locale Key (All),FDB Facility Type (All),FDB Facility Subtype (All),Building Ownership Description,Land Desc,Space Certified Indicator,Bldg Occu Date,Int Sq Ft
Appalachian,510012-G02,510012,ABINGDON,MAIN OFFICE,300 W MAIN ST,WASHINGTON,ABINGDON,VA,24210-9998,Active,Owned,1352289,X25990,Post Office,Main Post Office,"USPS Building, Const. by USPS","USPS Land, Not Prev. Leased",No,1/1/1985,"9,921"
Northern Virginia,510117-G01,510117,ALEXANDRIA,ENGLESIDE BRANCH,8588 RICHMOND HWY,FAIRFAX,ALEXANDRIA,VA,22309-9998,Active,Owned,1437291,X26569,Post Office,Branch,"USPS Building, Const. by USPS","USPS Land, Not Prev. Leased",Yes,8/1/2001,"19,340"
Northern Virginia,510118-G01,510118,ALEXANDRIA,FRANCONIA BRANCH,5221 FRANCONIA RD,FAIRFAX,ALEXANDRIA,VA,22310-9998,Active,Owned,1437303,X26658,Post Office,Branch,"USPS Building, Const. by USPS","USPS Land, Not Prev. Leased",Yes,11/1/1988,"19,710"
Northern Virginia,510128-G01,510128,ALEXANDRIA,KINGSTOWNE  BRANCH,5900 BARCLAY DR,FAIRFAX,ALEXANDRIA,VA,22315-9998,Active,Owned,1437703,X2A675,Post Office,Branch,"USPS Building, Const. by USPS","USPS Land, Not Prev. Leased",Yes,3/1/2000,"21,322"
Northern Virginia,510122-G01,510122,ALEXANDRIA,LINCOLNIA BRANCH,6137 LINCOLNIA RD,INDEPENDENT CITY,ALEXANDRIA,VA,22312-9998,Active,Owned,1370497,X27002,Post Office,Station,"USPS Building, Const. by USPS","USPS Land, Not Prev. Leased",Yes,9/1/1975,"10,225"
Northern Virginia,510114-G05,510114,ALEXANDRIA,MAIN OFFICE,1100 WYTHE ST,ALEXANDRIA,ALEXANDRIA,VA,22314-9998,Active,Owned,1352667,X26003,Post Office,Main Post Office,"USPS Building, Const. by USPS","USPS Land, Not Prev. Leased",Yes,6/1/1986,"19,338"
Northern Virginia,510114-G23,510114,ALEXANDRIA,MEMORIAL STATION,2226 DUKE ST,ALEXANDRIA,ALEXANDRIA,VA,22314-4690,Active,Owned,1372670,X29796,Post Office,Carrier Annex (ANX),"USPS Building, Const. by USPS","USPS Land, Prev. Leased",Yes,,"24,516"
Appalachian,510168-G01,510168,ALTAVISTA,MAIN OFFICE,700 BROAD ST,CAMPBELL,ALTAVISTA,VA,24517-9998,Active,Owned,1352848,X26010,Post Office,Administrative Post Office (APO),"USPS Building, Transferred","USPS Land, Transferred",Yes,6/1/1939,"7,395"
Northern Virginia,510210-G02,510210,AMISSVILLE,MAIN OFFICE,768 VIEWTOWN RD,RAPPAHANNOCK,AMISSVILLE,VA,20106-9998,Active,Owned,1352982,X26022,Post Office,Administrative Post Office (APO),"USPS Building, Not Prev. Leased","USPS Land, Not Prev. Leased",No,,"3,055"
Northern Virginia,510246-G01,510246,ANNANDALE,MAIN OFFICE,4270 JOHN MARR DR,FAIRFAX,ANNANDALE,VA,22003-9998,Active,Owned,1353111,X26034,Post Office,Main Post Office,"USPS Building, Const. by USPS","USPS Land, Not Prev. Leased",Yes,10/1/1982,"19,760"
Appalachian,510258-G01,510258,APPALACHIA,MAIN OFFICE,534 W MAIN ST,WISE,APPALACHIA,VA,24216-9998,Active,Owned,1353190,X26036,Post Office,Remotely Managed Post Office (RMPO),"USPS Building, Transferred","USPS Land, Transferred",No,6/1/1938,"6,156"
Northern Virginia,510306-G01,510306,ARLINGTON,MAIN OFFICE,3118 WASHINGTON BLVD,ARLINGTON,ARLINGTON,VA,22201-9993,Active,Owned,1353352,X26044,Post Office,Main Post Office,"USPS Building, Const. by USPS","USPS Land, Not Prev. Leased",Yes,12/1/2007,"40,163"
Northern Virginia,510306-G01,510306,ARLINGTON,MAIN OFFICE,3118 WASHINGTON BLVD,ARLINGTON,ARLINGTON,VA,22201-9993,Active,Owned,1442187,4716,Post Office,Carrier Annex (ANX),"USPS Building, Const. by USPS","USPS Land, Not Prev. Leased",Yes,12/1/2007,"40,163"
Northern Virginia,510306-G01,510306,ARLINGTON,MAIN OFFICE,3118 WASHINGTON BLVD,ARLINGTON,ARLINGTON,VA,22201-9993,Active,Owned,1445697,10562,Post Office,Carrier Annex (ANX),"USPS Building, Const. by USPS","USPS Land, Not Prev. Leased",Yes,12/1/2007,"40,163"
Northern Virginia,510316-G01,510316,ARLINGTON,SOUTH STATION,1210 S GLEBE RD,ARLINGTON,ARLINGTON,VA,22204-9998,Active,Owned,1382286,X27673,Post Office,Station,"USPS Building, Const. by USPS","USPS Land, Not Prev. Leased",Yes,7/1/1997,"19,345"
Richmond,510336-G01,510336,ARVONIA,MAIN OFFICE (MODULAR),36 ARVON RD,BUCKINGHAM,ARVONIA,VA,23004-9998,Active,Owned,1353438,X26051,Post Office,Remotely Managed Post Office (RMPO),"USPS Building, Not Prev. Leased","USPS Land, Prev. Leased",No,8/1/1998,960
Richmond,510354-G02,510354,ASHLAND,MAIN OFFICE,301 ENGLAND ST,HANOVER,ASHLAND,VA,23005-9998,Active,Owned,1353488,X26053,Post Office,Main Post Office,"USPS Building, Const. by USPS","USPS Land, Not Prev. Leased",Yes,7/1/1990,"14,300"
Richmond,510366-G01,510366,ASSAWOMAN,MAIN OFFICE (MODULAR),11360 ATLANTIC RD,ACCOMACK,ASSAWOMAN,VA,23302-9997,Active,Owned,1353534,X26055,Post Office,Remotely Managed Post Office (RMPO),"USPS Building, Not Prev. Leased",Land Data on separate record,No,2/1/2001,784
Richmond,510384-G03,510384,AUGUSTA SPRINGS,MAIN OFFICE MODULAR,10 OLD WHITETAIL LN,AUGUSTA,AUGUSTA SPRINGS,VA,24411-9998,Active,Owned,1353689,X26064,Post Office,Remotely Managed Post Office (RMPO),"USPS Building, Not Prev. Leased",Land Data on separate record,No,8/1/1999,960
Appalachian,510480-G01,510480,BANDY,MAIN OFFICE MODULAR,4284 RAVENS NEST BRANCH RD,TAZEWELL,BANDY,VA,24602-9998,Active,Owned,1353977,X26078,Post Office,Remotely Managed Post Office (RMPO),"USPS Building, Not Prev. Leased",Land Data on separate record,No,8/1/1999,700
Richmond,518556-G03,510492,BARBOURSVILLE,MAIN OFFICE MODULAR,5285 BARBOURSVILLE COMM CTR DR,ALBEMARLE,BARBOURSVILLE,VA,22923-8325,Active,Owned,1354025,X26082,Post Office,Remotely Managed Post Office (RMPO),"USPS Building, Const. by USPS",Land Data on separate record,No,,760
Richmond,510498-G01,510498,BARHAMSVILLE,MAIN OFFICE,18428 NEW KENT HWY,NEW KENT,BARHAMSVILLE,VA,23011-9998,Active,Owned,1354038,X26085,Post Office,Remotely Managed Post Office (RMPO),"USPS Building, Const. by USPS","USPS Land, Not Prev. Leased",No,9/1/1987,"1,362"
Appalachian,510540-G01,510540,BASSETT,MAIN OFFICE,3465 FAIRYSTONE PARK HWY,HENRY,BASSETT,VA,24055-9998,Active,Owned,1354160,X26094,Post Office,Main Post Office,"USPS Building, Not Prev. Leased","USPS Land, Not Prev. Leased",No,6/1/1939,"5,976"
Richmond,510558-G01,510558,BATESVILLE,MAIN OFFICE (MODULAR),6620 PLANK RD,ALBEMARLE,BATESVILLE,VA,22924-9998,Active,Owned,,,,,"USPS Building, Not Prev. Leased",Land Data on separate record,No,1/1/1997,"3,000"
Richmond,510564-G01,510564,BATTERY PARK,MAIN OFFICE,20512 TODD AVE,ISLE OF WIGHT,BATTERY PARK,VA,23304-9998,Active,Owned,1354203,X26101,Post Office,Remotely Managed Post Office (RMPO),"USPS Building, Const. by USPS","USPS Land, Not Prev. Leased",No,6/1/1988,710
Northern Virginia,510618-G01,510618,BEALETON,MAIN OFFICE,6189 STATION DR,FAUQUIER,BEALETON,VA,22712-9998,Active,Owned,1354303,X26107,Post Office,Administrative Post Office (APO),"USPS Building, Const. by USPS","USPS Land, Not Prev. Leased",No,1/13/2007,"5,487"
Appalachian,510654-G02,510654,BEDFORD,MAIN OFFICE,500 E MAIN ST,BEDFORD,BEDFORD,VA,24523-9998,Active,Owned,1354395,X26111,Post Office,Administrative Post Office (APO),"USPS Building, Const. by USPS","USPS Land, Not Prev. Leased",No,4/1/1975,"8,750"
Northern Virginia,510756-G01,510756,BERRYVILLE,MAIN OFFICE,27 N CHURCH ST,CLARKE,BERRYVILLE,VA,22611-9998,Active,Owned,1354775,X26131,Post Office,Main Post Office,"USPS Building, Not Prev. Leased","USPS Land, Not Prev. Leased",No,6/1/1939,"4,709"
Appalachian,510852-G01,510852,BLACKSBURG,DOWNTOWN FINANCE STA,118 N MAIN ST,MONTGOMERY,BLACKSBURG,VA,24060-9997,Active,Owned,1361147,1629,Post Office,Station,"USPS Building, Transferred","USPS Land, Transferred",Yes,6/1/1936,"12,450"
Appalachian,510852-G02,510852,BLACKSBURG,MAIN OFFICE,909 UNIVERSITY CITY BLVD,MONTGOMERY,BLACKSBURG,VA,24060-9998,Active,Owned,1355075,X26142,Post Office,Administrative Post Office (APO),"USPS Building, Const. by USPS","USPS Land, Not Prev. Leased",Yes,10/1/1987,"22,424"
Richmond,510858-G01,510858,BLACKSTONE,MAIN OFFICE,400 S MAIN ST,NOTTOWAY,BLACKSTONE,VA,23824-9998,Active,Owned,1355079,X26143,Post Office,Main Post Office,"USPS Building, Not Prev. Leased","USPS Land, Not Prev. Leased",No,6/1/1941,"5,995"
Appalachian,510912-G01,510912,BLUEFIELD,MAIN OFFICE,507 VIRGINIA AVE,TAZEWELL,BLUEFIELD,VA,24605-9998,Active,Owned,1355273,X26155,Post Office,Administrative Post Office (APO),"USPS Building, Transferred","USPS Land, Transferred",No,6/1/1941,"3,409"
Appalachian,510948-G01,510948,BOISSEVAIN,MAIN OFFICE,102 CREEKVIEW RD,TAZEWELL,BOISSEVAIN,VA,24606-9998,Active,Owned,1355346,X26158,Post Office,Remotely Managed Post Office (RMPO),"USPS Building, Const. by USPS","USPS Land, Not Prev. Leased",No,5/1/1990,928
Appalachian,511080-G01,511080,BREAKS,MAIN OFFICE,579 KING SOLOMON COLLEY RD,DICKENSON,BREAKS,VA,24607-9998,Active,Owned,1355731,X26187,Post Office,Remotely Managed Post Office (RMPO),"USPS Building, Const. by USPS","USPS Land, Not Prev. Leased",No,10/1/1984,600
Northern Virginia,511104-G02,511104,BRIGHTWOOD,MAIN OFFICE,4362 N SEMINOLE TRL,MADISON,BRIGHTWOOD,VA,22715-9997,Active,Owned,1355865,X26194,Post Office,Remotely Managed Post Office (RMPO),"USPS Building, Const. by USPS","USPS Land, Not Prev. Leased",No,2/1/2000,784
Appalachian,511116-G02,471117,BRISTOL,MAIN OFFICE,111 6TH ST,SULLIVAN,BRISTOL,VA,24203-9998,Active,Owned,1355891,X26196,Post Office,Main Post Office,"USPS Building, Const. by USPS","USPS Land, Not Prev. Leased",Yes,11/1/1981,"44,471"
Richmond,511152-G01,511152,BRODNAX,MAIN OFFICE,460 PINEY POND RD,BRUNSWICK,BRODNAX,VA,23920-9998,Active,Owned,1355966,X26202,Post Office,Main Post Office,"USPS Building, Prev. Leased","USPS Land, Prev. Leased",No,4/1/1975,"1,856"
Richmond,511266-G01,511266,BUENA VISTA,MAIN OFFICE,2071 FOREST AVE,INDEPENDENT CITY,BUENA VISTA,VA,24416-9998,Active,Owned,1356253,X26218,Post Office,Main Post Office,"USPS Building, Transferred","USPS Land, Transferred",No,8/1/1931,"5,524"
Northern Virginia,518473-G01,518473,BURKE,BRANCH,9501 BURKE RD,FAIRFAX,BURKE,VA,22015-9998,Active,Owned,1437271,X26224,Post Office,Branch,"USPS Building, Const. by USPS","USPS Land, Not Prev. Leased",Yes,7/1/1989,"21,550"
Richmond,511452-G01,511452,CAPE CHARLES,MAIN OFFICE,299 RANDOLPH AVE,NORTHAMPTON,CAPE CHARLES,VA,23310-9998,Active,Owned,1356926,X26254,Post Office,Main Post Office,"USPS Building, Not Prev. Leased","USPS Land, Not Prev. Leased",No,6/1/1933,"7,130"
Richmond,511524-G01,511524,CARSON,MAIN OFFICE,17206 HALLIGAN PARK RD,PRINCE GEORGE,CARSON,VA,23830-9998,Active,Owned,1357136,X26272,Post Office,Remotely Managed Post Office (RMPO),"USPS Building, Const. by USPS","USPS Land, Not Prev. Leased",No,2/1/1989,"1,362"
Northern Virginia,511657-G01,511657,CENTREVILLE,SULLY STATION BRANCH,5003 WESTFIELDS BLVD,FAIRFAX,CENTREVILLE,VA,20120-9997,Active,Owned,1437688,X2A597,Post Office,Branch,"USPS Building, Const. by USPS","USPS Land, Not Prev. Leased",Yes,10/1/1998,"23,468"
Richmond,511719-G02,511719,CHARLOTTESVILLE,MAIN OFFICE,1155 SEMINOLE TRL,CHARLOTTESVILLE,CHARLOTTESVILLE,VA,22906-9998,Active,Owned,1357701,X26314,Post Office,Main Post Office,"USPS Building, Not Prev. Leased","USPS Land, Not Prev. Leased",No,10/1/1973,"114,378"
Richmond,511716-G03,511716,CHARLOTTESVILLE,VMF,1155 SEMINOLE TRL,INDEPENDENT CITY,CHARLOTTESVILLE,VA,22906-9721,Active,Owned,1442056,4516,Vehicle Maintenance,Vehicle Maintenance Facility (VMF),"USPS Building, Not Prev. Leased","USPS Land, Not Prev. Leased",No,10/1/1973,0
Appalachian,511728-G01,511728,CHATHAM,MAIN OFFICE,31 S MAIN ST,PITTSYLVANIA,CHATHAM,VA,24531-9998,Active,Owned,1357731,X26321,Post Office,Administrative Post Office (APO),"USPS Building, Transferred","USPS Land, Transferred",No,5/1/1936,"5,785"
Appalachian,511740-G01,511740,CHECK,MAIN OFFICE MODULAR,168 MEADOW RUN RD SE,FLOYD,CHECK,VA,24072-9998,Active,Owned,1357761,X26322,Post Office,Remotely Managed Post Office (RMPO),"USPS Building, Not Prev. Leased",Land Data on separate record,No,9/1/1999,740
Richmond,511750-G09,511751,CHESAPEAKE,DEEP CREEK STATION,857 GEORGE WASHINGTON HWY N,INDEPENDENT CITY,CHESAPEAKE,VA,23323-9998,Active,Owned,1360497,X26476,Post Office,Station,"USPS Building, Prev. Leased","USPS Land, Prev. Leased",Yes,12/1/1969,"4,993"
Richmond,511750-G04,511752,CHESAPEAKE,GREAT BRIDGE STATION,1100 BATTLEFIELD BLVD S,INDEPENDENT CITY,CHESAPEAKE,VA,23322-6619,Active,Owned,1365497,X26743,Post Office,Station,"USPS Building, Const. by USPS","USPS Land, Not Prev. Leased",Yes,10/1/1998,"19,396"
Richmond,511750-G04,511752,CHESAPEAKE,GREAT BRIDGE STATION,1100 BATTLEFIELD BLVD S,INDEPENDENT CITY,CHESAPEAKE,VA,23322-6619,Active,Owned,1449715,11977,Administrative Office,Office of the Inspector General Office (OIG),"USPS Building, Const. by USPS","USPS Land, Not Prev. Leased",Yes,10/1/1998,"19,396"
Richmond,511758-G03,511758,CHESTER,MAIN OFFICE,12300 ROCK HILL RD,CHESTERFIELD,CHESTER,VA,23831-9998,Active,Owned,1357850,X26325,Post Office,Main Post Office,"USPS Building, Const. by USPS","USPS Land, Not Prev. Leased",Yes,6/1/1999,"18,800"
Richmond,511764-G01,511764,CHESTERFIELD,MAIN OFFICE,10221 KRAUSE RD,CHESTERFIELD,CHESTERFIELD,VA,23832-9998,Active,Owned,1357870,X26327,Post Office,Main Post Office,"USPS Building, Const. by USPS","USPS Land, Not Prev. Leased",Yes,7/1/1988,"14,060"
Appalachian,511812-G01,511812,CHRISTIANSBURG,DWNTN CHRISTANSBURG STA,2 E MAIN ST,MONTGOMERY,CHRISTIANSBURG,VA,24073-9997,Active,Owned,1361153,X2A490,Post Office,Finance Station - No Delivery,"USPS Building, Not Prev. Leased","USPS Land, Not Prev. Leased",No,4/1/1937,"5,028"
Appalachian,511812-G04,511812,CHRISTIANSBURG,MAIN OFFICE,350 ARBOR DR,MONTGOMERY,CHRISTIANSBURG,VA,24073-9998,Active,Owned,1358004,X26335,Post Office,Main Post Office,"USPS Building, Const. by USPS","USPS Land, Not Prev. Leased",Yes,8/1/1997,"19,337"
Richmond,511872-G01,511872,CLARKSVILLE,MAIN OFFICE,104 4TH ST,MECKLENBURG,CLARKSVILLE,VA,23927-9998,Active,Owned,1358216,X26356,Post Office,Main Post Office,"USPS Building, Const. by USPS","USPS Land, Not Prev. Leased",No,9/1/1987,"3,610"
Richmond,511938-G01,511938,CLIFTON FORGE,MAIN OFFICE,324 COMMERCIAL AVE,INDEPENDENT CITY,CLIFTON FORGE,VA,24422-9998,Active,Owned,1358364,X26366,Post Office,Administrative Post Office (APO),"USPS Building, Not Prev. Leased","USPS Land, Not Prev. Leased",No,7/1/1910,"7,900"
Richmond,512069-G01,512069,COLONIAL HEIGHTS,MAIN OFFICE,1205 BOULEVARD,INDEPENDENT CITY,COLONIAL HEIGHTS,VA,23834-9998,Active,Owned,1358725,X26398,Post Office,Main Post Office,"USPS Building, Prev. Leased","USPS Land, Prev. Leased",Yes,8/1/1979,"8,285"
Richmond,512196-G01,512196,COVESVILLE,MAIN OFFICE (MODULAR),5912 COVESVILLE STORE RD,ALBEMARLE,COVESVILLE,VA,22931-9998,Active,Owned,1359454,X26418,Post Office,Remotely Managed Post Office (RMPO),"USPS Building, Not Prev. Leased",Land Data on separate record,No,1/1/1997,"2,700"
Richmond,512202-G01,512202,COVINGTON,MAIN OFFICE,211 W MAIN ST,INDEPENDENT CITY,COVINGTON,VA,24426-9998,Active,Owned,1359462,X26422,Post Office,Main Post Office,"USPS Building, Transferred","USPS Land, Transferred",Yes,6/1/1933,"8,798"
Northern Virginia,512340-G02,512340,CULPEPER,MAIN OFFICE,205 S MAIN ST,CULPEPER,CULPEPER,VA,22701-9996,Active,Owned,1360012,X26452,Post Office,Administrative Post Office (APO),"USPS Building, Const. by USPS","USPS Land, Not Prev. Leased",Yes,1/1/1990,"28,464"
Northern Virginia,512340-G02,512340,CULPEPER,MAIN OFFICE,205 S MAIN ST,CULPEPER,CULPEPER,VA,22701-9996,Active,Owned,1441278,X26451,Mail Processing,Sectional Center Processing Facility (SCF),"USPS Building, Const. by USPS","USPS Land, Not Prev. Leased",Yes,1/1/1990,"28,464"
Richmond,512346-G01,512346,CUMBERLAND,MAIN OFFICE,1489 ANDERSON HWY,CUMBERLAND,CUMBERLAND,VA,23040-9998,Active,Owned,1360027,X26453,Post Office,Administrative Post Office (APO),"USPS Building, Const. by USPS","USPS Land, Not Prev. Leased",No,10/1/1987,"2,002"
Appalachian,512418-G01,512418,DANVILLE,DOWNTOWN STA,700 MAIN ST,PITTSYLVANIA,DANVILLE,VA,24541-9993,Active,Owned,1359435,1767,Post Office,Station,"USPS Building, Transferred","USPS Land, Transferred",Yes,6/1/1934,"47,172"
Appalachian,512418-G05,512418,DANVILLE,MAIN OFFICE,105 TEAL CT,INDEPENDENT CITY,DANVILLE,VA,24541-9998,Active,Owned,1360286,X26466,Post Office,Main Post Office,"USPS Building, Const. by USPS","USPS Land, Not Prev. Leased",Yes,11/1/2000,"42,680"
Richmond,512532-G01,512532,DEWITT,MAIN OFFICE (MODULAR),16907 BOYDTON PLANK RD,DINWIDDIE,DEWITT,VA,23840-9998,Active,Owned,1360793,X26489,Post Office,Remotely Managed Post Office (RMPO),"USPS Building, Not Prev. Leased",Land Data on separate record,No,,750
Richmond,512562-G01,512562,DISPUTANTA,MAIN OFFICE,10001 COUNTY DR,PRINCE GEORGE,DISPUTANTA,VA,23842-9998,Active,Owned,1360935,X26495,Post Office,Main Post Office,"USPS Building, Const. by USPS","USPS Land, Not Prev. Leased",No,10/1/1987,"3,153"
Richmond,512652-G01,512652,DREWRYVILLE,MAIN OFFICE,22365 DREWRY RD,SOUTHAMPTON,DREWRYVILLE,VA,23844-9998,Active,Owned,1361308,X26510,Post Office,Remotely Managed Post Office (RMPO),Lease Purchase,Lease Purchase,No,6/1/1962,600
Appalachian,512688-G02,512688,DUBLIN,MAIN OFFICE,1 TOWN CENTER DR,PULASKI,DUBLIN,VA,24084-9998,Active,Owned,1361371,X26518,Post Office,Administrative Post Office (APO),"USPS Building, Const. by USPS","USPS Land, Not Prev. Leased",Yes,8/1/1998,"10,600"
Appalachian,512700-G01,512700,DUGSPUR,MAIN OFFICE MODULAR,60 DOUBLE CABIN RD,CARROLL,DUGSPUR,VA,24325-9998,Active,Owned,1361401,X26520,Post Office,Remotely Managed Post Office (RMPO),"USPS Building, Not Prev. Leased",Land Data on separate record,No,6/1/1999,700
Northern Virginia,512756-G01,512757,DULLES,F&TSD LABORATORY,22433 RANDOLPH DR,LOUDOUN,DULLES,VA,20104-9998,Active,Owned,1445175,9932,Administrative Office,Postal Inspection Service Field Division (USPIS),Unknown,Unknown,Yes,1/1/1994,"40,000"
Northern Virginia,518587-G01,512704,DULLES,P&DC,44715 PRENTICE DR,LOUDOUN,DULLES,VA,20101-9998,Active,Owned,1353455,X26052,Post Office,Main Post Office,"USPS Building, Const. by USPS","USPS Land, Not Prev. Leased",Yes,2/1/1992,"344,640"
Northern Virginia,518587-G01,512704,DULLES,P&DC,44715 PRENTICE DR,LOUDOUN,DULLES,VA,20101-9998,Active,Owned,1441303,X29745,Mail Processing,Processing and Distribution Center/Facility (PDC/PDF),"USPS Building, Const. by USPS","USPS Land, Not Prev. Leased",Yes,2/1/1992,"344,640"
Northern Virginia,519995-G01,519995,DULLES,STAMP DEPOSITORY,22403 RANDOLPH DR,LOUDOUN,DULLES,VA,20103-9998,Active,Owned,1444662,9123,Administrative Office,Stamp Distribution Center (SDC),"USPS Building, Const. by USPS",Land Data on separate record,Yes,7/1/1992,"27,318"
Northern Virginia,518587-G02,512703,DULLES,VMF,22363 RANDOLPH DR,LOUDOUN,STERLING,VA,20166-9103,Active,Owned,1444609,9049,Vehicle Maintenance,Vehicle Maintenance Facility (VMF),"USPS Building, Const. by USPS","USPS Land, Not Prev. Leased",No,2/1/1992,"19,800"
Northern Virginia,512706-G01,512706,DUMFRIES,MAIN OFFICE,17949 MAIN ST,PRINCE WILLIAM,DUMFRIES,VA,22026-9998,Active,Owned,1361420,X26526,Post Office,Main Post Office,"USPS Building, Const. by USPS","USPS Land, Not Prev. Leased",No,12/1/1976,"5,559"
Appalachian,512982-G01,512982,EMORY,MAIN OFFICE,31045 OXFORD AVE,WASHINGTON,EMORY,VA,24327-9998,Active,Owned,1362574,X26565,Post Office,Remotely Managed Post Office (RMPO),"USPS Building, Prev. Leased","USPS Land, Prev. Leased",No,2/1/1962,"1,970"
Richmond,512988-G01,512988,EMPORIA,MAIN OFFICE,109 S MAIN ST,GREENSVILLE,EMPORIA,VA,23847-9998,Active,Owned,1362586,X26566,Post Office,Administrative Post Office (APO),"USPS Building, Transferred","USPS Land, Transferred",No,4/1/1939,"4,910"
Northern Virginia,513097-G01,513097,FAIRFAX,CHANTILLY BRANCH,4410 BROOKFIELD CORPORATE DR,FAIRFAX,CHANTILLY,VA,20151-9998,Active,Owned,1437277,X26305,Post Office,Branch,"USPS Building, Const. by USPS","USPS Land, Not Prev. Leased",Yes,1/1/1990,"23,200"
Northern Virginia,513096-G09,513096,FAIRFAX,MAIN OFFICE,10660 PAGE AVE,FAIRFAX,FAIRFAX,VA,22030-9998,Active,Owned,1362975,X26583,Post Office,Main Post Office,"USPS Building, Const. by USPS","USPS Land, Not Prev. Leased",Yes,,"32,585"
Northern Virginia,513099-G01,513099,FAIRFAX,TURNPIKE STATION,3601 PICKETT RD,INDEPENDENT CITY,FAIRFAX,VA,22031-9998,Active,Owned,1385194,X27846,Post Office,Station,"USPS Building, Const. by USPS","USPS Land, Not Prev. Leased",Yes,1/1/1981,"9,874"
Appalachian,513186-G01,513186,FERRUM,MAIN OFFICE,57 FIELDCREST RD,FRANKLIN,FERRUM,VA,24088-9998,Active,Owned,1363343,X26605,Post Office,Administrative Post Office (APO),"USPS Building, Prev. Leased","USPS Land, Prev. Leased",No,7/1/1986,"2,560"
Northern Virginia,513358-G01,513358,FORT VALLEY,MAIN OFFICE,7151 FORT VALLEY RD,SHENANDOAH,FORT VALLEY,VA,22652-9998,Active,Owned,1363859,X26655,Post Office,Remotely Managed Post Office (RMPO),"USPS Building, Const. by USPS","USPS Land, Not Prev. Leased",No,,"1,500"
Richmond,513408-G04,513409,FREDERICKSBURG,FALMOUTH BRANCH,16 LICHFIELD BLVD,FREDERICKSBURG,FREDERICKSBURG,VA,22406-9998,Active,Owned,1437297,X26596,Post Office,Branch,"USPS Building, Const. by USPS","USPS Land, Not Prev. Leased",Yes,3/1/1999,"26,440"
Richmond,513408-G02,513408,FREDERICKSBURG,MAIN OFFICE,600 PRINCESS ANNE ST,SPOTSYLVANIA,FREDERICKSBURG,VA,22401-9998,Active,Owned,1364070,X26669,Post Office,Administrative Post Office (APO),"USPS Building, Const. by USPS","USPS Land, Not Prev. Leased",Yes,4/1/1979,"25,040"
Northern Virginia,513450-G02,513450,FRONT ROYAL,MAIN OFFICE,120 E 3RD ST,WARREN,FRONT ROYAL,VA,22630-9998,Active,Owned,1364206,X26678,Post Office,Administrative Post Office (APO),"USPS Building, Const. by USPS","USPS Land, Not Prev. Leased",Yes,11/1/1981,"20,915"
Northern Virginia,513468-G02,513468,GAINESVILLE,MAIN OFFICE,14689 LEE HWY,PRINCE WILLIAM,GAINESVILLE,VA,20155-9998,Active,Owned,1364316,X26690,Post Office,Administrative Post Office (APO),"USPS Building, Prev. Leased","USPS Land, Prev. Leased",No,5/1/1986,"3,024"
Appalachian,513480-G03,513480,GALAX,MAIN OFFICE,200 E GRAYSON ST,GALAX,GALAX,VA,24333-9998,Active,Owned,1364322,X26693,Post Office,Main Post Office,"USPS Building, Const. by USPS","USPS Land, Not Prev. Leased",Yes,9/1/2000,"12,732"
Appalachian,513564-G01,513564,GLADYS,MAIN OFFICE,62 PIGEON RUN RD,CAMPBELL,GLADYS,VA,24554-9998,Active,Owned,1364845,X26708,Post Office,Administrative Post Office (APO),"USPS Building, Const. by USPS","USPS Land, Not Prev. Leased",No,6/1/1984,"2,160"
Richmond,513582-G01,513582,GLEN ALLEN,MAIN OFFICE,4990 SADLER PL,HENRICO,GLEN ALLEN,VA,23060-9998,Active,Owned,1364870,X26711,Post Office,Main Post Office,"USPS Building, Const. by USPS","USPS Land, Not Prev. Leased",Yes,9/1/1991,"23,500"
Northern Virginia,513746-G02,513746,GREAT FALLS,MAIN OFFICE,10001 GEORGETOWN PIKE,FAIRFAX,GREAT FALLS,VA,22066-9998,Active,Owned,1437309,X26744,Post Office,Main Post Office,"USPS Building, Prev. Leased","USPS Land, Prev. Leased",Yes,,"11,440"
Appalachian,513870-G01,513870,GRUNDY,MAIN OFFICE,123 WALNUT ST,BUCHANAN,GRUNDY,VA,24614-9998,Active,Owned,1365809,X26769,Post Office,Administrative Post Office (APO),"USPS Building, Prev. Leased","USPS Land, Prev. Leased",No,8/1/1960,"4,329"
Richmond,513978-G06,513978,HAMPTON,MAIN OFFICE and VMF,809 ABERDEEN RD,INDEPENDENT CITY,HAMPTON,VA,23670-9700,Active,Owned,1437312,X26787,Post Office,Main Post Office,"USPS Building, Prev. Leased","USPS Land, Prev. Leased",Yes,6/1/1980,"64,500"
Richmond,513978-G06,513978,HAMPTON,MAIN OFFICE and VMF,809 ABERDEEN RD,INDEPENDENT CITY,HAMPTON,VA,23670-9700,Active,Owned,1442059,4520,Vehicle Maintenance,Vehicle Maintenance Facility (VMF),"USPS Building, Prev. Leased","USPS Land, Prev. Leased",Yes,6/1/1980,"64,500"
Richmond,513978-G01,513981,HAMPTON,PHOEBUS STA,102 E MELLEN ST,INDEPENDENT CITY,HAMPTON,VA,23663-9998,Active,Owned,1377399,X27414,Post Office,Station,"USPS Building, Transferred","USPS Land, Transferred",No,5/1/1938,"6,030"
Richmond,514062-G02,514062,HARRISONBURG,MAIN OFFICE,3811 S MAIN ST,INDEPENDENT CITY,HARRISONBURG,VA,22801-9998,Active,Owned,1366329,X26801,Post Office,Administrative Post Office (APO),"USPS Building, Const. by USPS","USPS Land, Not Prev. Leased",Yes,10/1/1999,"28,088"
Northern Virginia,514212-G02,514212,HERNDON,MAIN OFFICE,590 GROVE ST,FAIRFAX,HERNDON,VA,20170-9998,Active,Owned,1366805,X26828,Post Office,Main Post Office,"USPS Building, Const. by USPS","USPS Land, Not Prev. Leased",Yes,5/1/1985,"12,817"
Northern Virginia,514215-G01,514215,HERNDON,OAK HILL BRANCH,13520 MCLEAREN RD,FAIRFAX,HERNDON,VA,20171-9998,Active,Owned,1437702,X2A674,Post Office,Branch,"USPS Building, Not Prev. Leased","USPS Land, Not Prev. Leased",Yes,12/1/1999,"21,491"
Northern Virginia,514213-G01,514213,HERNDON,RESTON BRANCH,11110 SUNSET HILLS RD,FAIRFAX,RESTON,VA,20190-9998,Active,Owned,1437366,X27512,Post Office,Branch,"USPS Building, Const. by USPS","USPS Land, Not Prev. Leased",Yes,6/1/1976,"19,385"
Appalachian,514248-G01,514248,HILLSVILLE,MAIN OFFICE,404 S MAIN ST,CARROLL,HILLSVILLE,VA,24343-9998,Active,Owned,1367042,X26843,Post Office,Administrative Post Office (APO),"USPS Building, Const. by USPS","USPS Land, Not Prev. Leased",No,2/1/1988,"5,850"
Richmond,514368-G01,514368,HOPEWELL,MAIN OFFICE,117 W POYTHRESS ST,INDEPENDENT CITY,HOPEWELL,VA,23860-9998,Active,Owned,1367390,X26858,Post Office,Main Post Office,"USPS Building, Not Prev. Leased","USPS Land, Not Prev. Leased",Yes,6/1/1937,"10,885"
Richmond,514392-G01,514392,HORNTOWN,MAIN OFFICE (MODULAR),4581 FLEMING RD,ACCOMACK,HORNTOWN,VA,23395-9998,Active,Owned,1367423,X26859,Post Office,Remotely Managed Post Office (RMPO),"USPS Building, Const. by USPS",Land Data on separate record,No,2/1/2001,"1,560"
Northern Virginia,514464-G01,514464,HUME,MAIN OFFICE,5046 LEEDS MANOR RD,FAUQUIER,HUME,VA,22639-9997,Active,Owned,1367626,X26869,Post Office,Remotely Managed Post Office (RMPO),"USPS Building, Const. by USPS","USPS Land, Prev. Leased",No,7/1/2001,"3,000"
Appalachian,514518-G01,514518,INDEPENDENCE,MAIN OFFICE,301 DAVIS ST,GRAYSON,INDEPENDENCE,VA,24348-9998,Active,Owned,1367884,X26876,Post Office,Administrative Post Office (APO),"USPS Building, Const. by USPS","USPS Land, Not Prev. Leased",No,2/1/1989,"4,144"
Richmond,514584-G01,514584,IRON GATE,MAIN OFFICE,511 MARKET ST,ALLEGHANY,IRON GATE,VA,24448-9998,Active,Owned,1368033,X26884,Post Office,Remotely Managed Post Office (RMPO),"USPS Building, Const. by USPS","USPS Land, Not Prev. Leased",No,12/1/1987,"1,130"
Richmond,514722-G01,514722,JERSEY,MAIN OFFICE,12079 JERSEY RD,KING GEORGE,JERSEY,VA,22481-9998,Active,Owned,1368415,X26911,Post Office,Remotely Managed Post Office (RMPO),"USPS Building, Const. by USPS","USPS Land, Not Prev. Leased",No,11/1/1987,616
Richmond,514728-G01,514728,JETERSVILLE,MAIN OFFICE (MODULAR),21595 JETERSVILLE RD,AMELIA,JETERSVILLE,VA,23083-9998,Active,Owned,1368432,X26912,Post Office,Remotely Managed Post Office (RMPO),"USPS Building, Not Prev. Leased",Land Data on separate record,No,4/1/1999,960
Richmond,514902-G01,514902,KING GEORGE,MAIN OFFICE,7993 KINGS HWY,KING GEORGE,KING GEORGE,VA,22485-9998,Active,Owned,1369062,X26943,Post Office,Administrative Post Office (APO),"USPS Building, Const. by USPS","USPS Land, Not Prev. Leased",Yes,5/1/1999,"13,315"
Northern Virginia,515101-G01,515101,LEESBURG,DOWNTOWN STA,15 E MARKET ST,LOUDOUN,LEESBURG,VA,20176-3013,Active,Owned,1361152,X26503,Post Office,Finance Station,"USPS Building, Transferred","USPS Land, Transferred",No,6/1/1924,"3,225"
Northern Virginia,515100-G02,515100,LEESBURG,MAIN OFFICE,25 CATOCTIN CIR SE,LOUDOUN,LEESBURG,VA,20175-9998,Active,Owned,1370129,X26991,Post Office,Administrative Post Office (APO),"USPS Building, Prev. Leased","USPS Land, Prev. Leased",Yes,5/1/1970,"14,954"
Richmond,515148-G01,515148,LEXINGTON,MAIN OFFICE,101 LEE AVE,ROCKBRIDGE,LEXINGTON,VA,24450-9998,Active,Owned,1370365,X26996,Post Office,Main Post Office,"USPS Building, Not Prev. Leased","USPS Land, Not Prev. Leased",No,3/1/1913,"5,792"
Richmond,515196-G02,515196,LINVILLE,MAIN OFFICE (MODULAR),3754 LINVILLE EDOM RD,ROCKINGHAM,LINVILLE,VA,22834-9998,Active,Owned,1370569,X27005,Post Office,Remotely Managed Post Office (RMPO),"USPS Building, Not Prev. Leased",Land Data on separate record,No,2/1/1998,900
Northern Virginia,515346-G03,515346,LOVETTSVILLE,MAIN OFFICE,15 N CHURCH ST,LOUDOUN,Lovettsville,VA,20180-9998,Active,Owned,1371045,X27031,Post Office,Main Post Office,"USPS Building, Const. by USPS","USPS Land, Not Prev. Leased",No,,"5,409"
Richmond,515388-G01,515388,LURAY,MAIN OFFICE,102 S BROAD ST,PAGE,LURAY,VA,22835-9998,Active,Owned,1371178,X27044,Post Office,Main Post Office,"USPS Building, Transferred","USPS Land, Transferred",No,4/1/1938,"4,980"
Appalachian,515406-G08,515406,LYNCHBURG,COURTHOUSE STATION,1100 CLAY ST,INDEPENDENT CITY,LYNCHBURG,VA,24504-9998,Active,Owned,1361256,X26504,Post Office,Station,"USPS Building, Not Prev. Leased","USPS Land, Not Prev. Leased",Yes,,"7,287"
Appalachian,515406-G03,515409,LYNCHBURG,FORT HILL STATION,6020 FORT AVE,INDEPENDENT CITY,LYNCHBURG,VA,24502-9998,Active,Owned,1363785,X2A474,Post Office,Station,"USPS Building, Const. by USPS","USPS Land, Not Prev. Leased",No,6/1/1975,"7,000"
Appalachian,515430-G02,515406,LYNCHBURG,P&DF/MAIN OFFICE,3300 ODD FELLOWS RD,LYNCHBURG,LYNCHBURG,VA,24506-9997,Active,Owned,1437336,X27047,Post Office,Main Post Office,"USPS Building, Const. by USPS","USPS Land, Not Prev. Leased",Yes,9/1/1977,"115,770"
Appalachian,515430-G02,515406,LYNCHBURG,P&DF/MAIN OFFICE,3300 ODD FELLOWS RD,LYNCHBURG,LYNCHBURG,VA,24506-9997,Active,Owned,1473685,17706,Post Office,Service Hub Facility (SHF),"USPS Building, Const. by USPS","USPS Land, Not Prev. Leased",Yes,9/1/1977,"115,770"
Appalachian,515406-G04,517724,LYNCHBURG,VMF,3300 ODD FELLOWS RD,INDEPENDENT CITY,LYNCHBURG,VA,24506-9601,Active,Owned,1437626,X29911,Vehicle Maintenance,Vehicle Maintenance Facility (VMF),"USPS Building, Const. by USPS","USPS Land, Not Prev. Leased",No,9/1/1977,0
Northern Virginia,515526-G01,515526,MADISON,MAIN OFFICE,1438 N MAIN ST,MADISON,MADISON,VA,22727-9998,Active,Owned,1371372,X27052,Post Office,Administrative Post Office (APO),"USPS Building, Const. by USPS","USPS Land, Not Prev. Leased",Yes,7/1/2000,"6,500"
Northern Virginia,515586-G02,515586,MANASSAS,MAIN OFFICE,8801 SUDLEY RD,INDEPENDENT CITY,MANASSAS,VA,20110-9998,Active,Owned,1371596,X27067,Post Office,Main Post Office,"USPS Building, Const. by USPS","USPS Land, Not Prev. Leased",Yes,4/1/1976,"18,375"
Appalachian,515628-G02,515628,MARION,MAIN OFFICE,200 PEARL AVE,SMYTH,MARION,VA,24354-9998,Active,Owned,1371892,X27080,Post Office,Administrative Post Office (APO),"USPS Building, Const. by USPS","USPS Land, Not Prev. Leased",Yes,11/1/1996,"13,470"
Appalachian,515652-G03,515652,MARTINSVILLE,MAIN OFFICE,1123 SPRUCE ST,MARTINSVILLE,MARTINSVILLE,VA,24112-9998,Active,Owned,1372036,X27087,Post Office,Main Post Office,"USPS Building, Prev. Leased","USPS Land, Prev. Leased",Yes,11/1/1970,"15,786"
Northern Virginia,515712-G01,515712,MAURERTOWN,MAIN OFFICE,24784 OLD VALLEY PIKE,SHENANDOAH,MAURERTOWN,VA,22644-2658,Active,Owned,1372173,X27098,Post Office,Main Post Office,"USPS Building, Prev. Leased","USPS Land, Prev. Leased",No,11/1/1962,"1,200"
Richmond,515454-G01,515454,MC DOWELL,MAIN OFFICE (MODULAR),8988 HIGHLAND TPKE,HIGHLAND,MC DOWELL,VA,24458-9998,Active,Owned,1372325,X27106,Post Office,Remotely Managed Post Office (RMPO),"USPS Building, Not Prev. Leased",Land Data on separate record,No,7/1/1998,"1,200"
Northern Virginia,515478-G04,515478,MC LEAN,MAIN OFFICE,6841 ELM ST,FAIRFAX,MC LEAN,VA,22101-9998,Active,Owned,1372446,X27112,Post Office,Main Post Office,"USPS Building, Prev. Leased","USPS Land, Prev. Leased",Yes,11/1/1962,"9,360"
Northern Virginia,515479-G01,515479,MCLEAN,WEST MC LEAN BRANCH,1544 SPRING HILL RD,FAIRFAX,MC LEAN,VA,22102-9998,Active,Owned,1437410,X27964,Post Office,Branch,"USPS Building, Const. by USPS","USPS Land, Not Prev. Leased",Yes,9/1/1984,"14,230"
Richmond,515772-G02,515773,MECHANICSVILLE,ATLEE STATION,9540 CHAMBERLAYNE RD,HANOVER,MECHANICSVILLE,VA,23116-9998,Active,Owned,1353615,X2A608,Post Office,Station,"USPS Building, Const. by USPS","USPS Land, Not Prev. Leased",Yes,5/1/1998,"20,070"
Richmond,515772-G01,515772,MECHANICSVILLE,MAIN OFFICE,8050 MECHANICSVILLE TPKE,HANOVER,MECHANICSVILLE,VA,23111-9998,Active,Owned,1372509,X27127,Post Office,Administrative Post Office (APO),"USPS Building, Const. by USPS","USPS Land, Not Prev. Leased",No,9/1/1975,"9,500"
Richmond,515772-G03,515772,MECHANICSVILLE,MAIN OFFICE (MODULAR),8050 MECHANICSVILLE TPKE,HANOVER,MECHANICSVILLE,VA,23111-9998,Active,Owned,,,,,"USPS Building, Not Prev. Leased","USPS Land, Not Prev. Leased",No,12/1/1996,500
Northern Virginia,512509-G01,512509,MERRIFIELD,ENGINEERING R & D,3001 PROSPERITY AVE,FAIRFAX,FAIRFAX,VA,22031-2210,Active,Owned,1444600,9027,Administrative Office,Headquarters Related,"USPS Building, Prev. Leased","USPS Land, Prev. Leased",No,3/1/1990,"30,133"
Northern Virginia,516541-G01,516541,MERRIFIELD,NORTHERN VA P&DC,8409 LEE HWY,FAIRFAX,MERRIFIELD,VA,22031-9602,Active,Owned,1433194,2395,Administrative Office,District Administrative Office (DM),Unknown,Unknown,Yes,3/1/1972,"376,616"
Northern Virginia,516541-G01,516541,MERRIFIELD,NORTHERN VA P&DC,8409 LEE HWY,FAIRFAX,MERRIFIELD,VA,22031-9602,Active,Owned,1437347,X27222,Post Office,Main Post Office,Unknown,Unknown,Yes,3/1/1972,"376,616"
Northern Virginia,516541-G01,516541,MERRIFIELD,NORTHERN VA P&DC,8409 LEE HWY,FAIRFAX,MERRIFIELD,VA,22031-9602,Active,Owned,1441297,X29484,Mail Processing,Processing and Distribution Center/Facility (PDC/PDF),Unknown,Unknown,Yes,3/1/1972,"376,616"
Northern Virginia,516541-G01,516541,MERRIFIELD,NORTHERN VA P&DC,8409 LEE HWY,FAIRFAX,MERRIFIELD,VA,22031-9602,Active,Owned,1443991,8260,Administrative Office,Consumer Affairs Office,Unknown,Unknown,Yes,3/1/1972,"376,616"
Northern Virginia,516541-G01,516541,MERRIFIELD,NORTHERN VA P&DC,8409 LEE HWY,FAIRFAX,MERRIFIELD,VA,22031-9602,Active,Owned,1444516,8918,Other Customer Service,Computerized Forwarding System (CFS),Unknown,Unknown,Yes,3/1/1972,"376,616"
Northern Virginia,512520-G01,512509,MERRIFIELD,R & D-ENGINEERING SUP,8403 LEE HWY,FAIRFAX,MERRIFIELD,VA,22082-8101,Active,Owned,1443191,7269,Administrative Office,Headquarters Related,Unknown,Unknown,Yes,6/1/1987,"143,025"
Northern Virginia,512520-G01,512509,MERRIFIELD,R & D-ENGINEERING SUP,8403 LEE HWY,FAIRFAX,MERRIFIELD,VA,22082-8101,Active,Owned,1444431,8830,Administrative Office,Headquarters Related,Unknown,Unknown,Yes,6/1/1987,"143,025"
Northern Virginia,512520-G01,512509,MERRIFIELD,R & D-ENGINEERING SUP,8403 LEE HWY,FAIRFAX,MERRIFIELD,VA,22082-8101,Active,Owned,1445503,10308,Administrative Office,Postal Inspection Service Field Division (USPIS),Unknown,Unknown,Yes,6/1/1987,"143,025"
Northern Virginia,512520-G01,512509,MERRIFIELD,R & D-ENGINEERING SUP,8403 LEE HWY,FAIRFAX,MERRIFIELD,VA,22082-8101,Active,Owned,1476500,17851,Post Office,Finance Station,Unknown,Unknown,Yes,6/1/1987,"143,025"
Richmond,515880-G02,515881,MIDLOTHIAN,GENITO BRANDERMILL STA,3530 POST OFFICE RD,CHESTERFIELD,MIDLOTHIAN,VA,23112-9998,Active,Owned,1437687,X2A591,Post Office,Station,"USPS Building, Const. by USPS","USPS Land, Not Prev. Leased",Yes,7/1/1997,"29,760"
Richmond,515880-G01,515880,MIDLOTHIAN,MAIN OFFICE,1201 SYCAMORE SQUARE DR,CHESTERFIELD,MIDLOTHIAN,VA,23113-9998,Active,Owned,1373001,X27154,Post Office,Main Post Office,"USPS Building, Const. by USPS","USPS Land, Not Prev. Leased",Yes,10/1/1987,"12,000"
Richmond,515958-G01,515958,MINERAL,MAIN OFFICE,512 MINERAL AVE,LOUISA,MINERAL,VA,23117-9998,Active,Owned,1373294,X27177,Post Office,Main Post Office,"USPS Building, Const. by USPS","USPS Land, Not Prev. Leased",No,3/1/1988,"2,946"
Northern Virginia,515994-G01,515994,MITCHELLS,MAIN OFFICE (MODULAR),11320 MITCHELL RD,CULPEPER,MITCHELLS,VA,22729-9997,Active,Owned,1373411,X27181,Post Office,Remotely Managed Post Office (RMPO),"USPS Building, Const. by USPS","USPS Land, Not Prev. Leased",No,12/1/2000,800
Richmond,516084-G01,516084,MOON,MAIN OFFICE (MODULAR),184 HAVEN BEACH RD,MATHEWS,MOON,VA,23119-9998,Active,Owned,1373708,X27206,Post Office,Remotely Managed Post Office (RMPO),"USPS Building, Const. by USPS",Land Data on separate record,No,7/1/1998,740
Appalachian,516276-G01,516276,NARROWS,MAIN OFFICE,305 MAIN ST,GILES,NARROWS,VA,24124-9998,Active,Owned,1374412,X27234,Post Office,Remotely Managed Post Office (RMPO),"USPS Building, Prev. Leased","USPS Land, Prev. Leased",No,8/1/1963,"3,161"
Richmond,516408-G01,516408,NEW MARKET,MAIN OFFICE,9444 SEVIER RD,SHENANDOAH,NEW MARKET,VA,22844-9998,Active,Owned,1374800,X27278,Post Office,Administrative Post Office (APO),"USPS Building, Const. by USPS","USPS Land, Not Prev. Leased",No,5/1/1985,"2,960"
Richmond,516426-G03,516426,NEWPORT NEWS,DENBIGH STATION,14104 WARWICK BLVD,INDEPENDENT CITY,NEWPORT NEWS,VA,23602-9998,Active,Owned,1450883,12759,Post Office,Station,"USPS Building, Const. by USPS","USPS Land, Not Prev. Leased",Yes,9/1/1976,"12,182"
Richmond,516426-G01,516426,NEWPORT NEWS,MAIN OFFICE,101 25TH ST,INDEPENDENT CITY,NEWPORT NEWS,VA,23607-9998,Active,Owned,1375026,X27288,Post Office,Main Post Office,"USPS Building, Transferred","USPS Land, Transferred",Yes,6/1/1904,"51,621"
Richmond,516426-G08,516429,NEWPORT NEWS,PATRICK HENRY STATION,685 TURNBERRY BLVD,NEWPORT NEWS,NEWPORT NEWS,VA,23608-9998,Active,Owned,1376935,1840,Post Office,Station,"USPS Building, Const. by USPS","USPS Land, Not Prev. Leased",Yes,6/1/2001,"16,949"
Richmond,516426-G08,516429,NEWPORT NEWS,PATRICK HENRY STATION,685 TURNBERRY BLVD,NEWPORT NEWS,NEWPORT NEWS,VA,23608-9998,Active,Owned,1540357,18971,Post Office,Station,"USPS Building, Const. by USPS","USPS Land, Not Prev. Leased",Yes,6/1/2001,"16,949"
Richmond,516522-G22,516517,NORFOLK,BERKLEY STATION,711 E LIBERTY ST,INDEPENDENT CITY,NORFOLK,VA,23523-9998,Active,Owned,1354736,X26130,Post Office,Station,"USPS Building, Prev. Leased","USPS Land, Prev. Leased",Yes,11/1/1979,"4,650"
Richmond,516522-G15,516522,NORFOLK,HAMPTON ROADS VMF,600 CHURCH ST RM VMF414,INDEPENDENT CITY,NORFOLK,VA,23501-9721,Active,Owned,1437640,X29942,Vehicle Maintenance,Vehicle Maintenance Facility (VMF),"USPS Building, Const. by USPS","USPS Land, Not Prev. Leased",Yes,1/1/1983,"24,313"
Richmond,516522-G13,516520,NORFOLK,LAFAYETTE STATION,2655 TIDEWATER DR,INDEPENDENT CITY,NORFOLK,VA,23509-9998,Active,Owned,1369499,X26960,Post Office,Station,"USPS Building, Const. by USPS","USPS Land, Not Prev. Leased",Yes,2/1/1988,"10,000"
Richmond,516522-G13,516520,NORFOLK,LAFAYETTE STATION,2655 TIDEWATER DR,INDEPENDENT CITY,NORFOLK,VA,23509-9998,Active,Owned,1453198,14289,Post Office,Carrier Annex (ANX),"USPS Building, Const. by USPS","USPS Land, Not Prev. Leased",Yes,2/1/1988,"10,000"
Richmond,516522-G13,516520,NORFOLK,LAFAYETTE STATION,2655 TIDEWATER DR,INDEPENDENT CITY,NORFOLK,VA,23509-9998,Active,Owned,1453199,14290,Post Office,Carrier Annex (ANX),"USPS Building, Const. by USPS","USPS Land, Not Prev. Leased",Yes,2/1/1988,"10,000"
Richmond,516522-G18,516521,NORFOLK,NORVIEW STATION,1112 GREEN ST,INDEPENDENT CITY,NORFOLK,VA,23513-9998,Active,Owned,1375602,X27329,Post Office,Station,"USPS Building, Prev. Leased","USPS Land, Prev. Leased",No,6/1/1970,"6,413"
Richmond,516522-G11,516525,NORFOLK,OCEAN VIEW STATION,9631 1ST VIEW ST,INDEPENDENT CITY,NORFOLK,VA,23503-9998,Active,Owned,1375862,X27352,Post Office,Station,"USPS Building, Const. by USPS","USPS Land, Not Prev. Leased",Yes,4/1/1982,"8,946"
Richmond,516523-G07,516523,NORFOLK,P&DC,600 CHURCH ST,NORFOLK,NORFOLK,VA,23501-9908,Active,Owned,1437353,X27304,Post Office,Main Post Office,Unknown,Unknown,No,1/1/1983,"222,245"
Richmond,516523-G07,516523,NORFOLK,P&DC,600 CHURCH ST,NORFOLK,NORFOLK,VA,23501-9908,Active,Owned,1441281,X27303,Mail Processing,Processing and Distribution Center/Facility (PDC/PDF),Unknown,Unknown,No,1/1/1983,"222,245"
Richmond,516523-G07,516523,NORFOLK,P&DC,600 CHURCH ST,NORFOLK,NORFOLK,VA,23501-9908,Active,Owned,1540134,18964,Post Office,Station,Unknown,Unknown,No,1/1/1983,"222,245"
Richmond,516546-G01,516546,NORTH GARDEN,MAIN OFFICE MODULAR,4917 PLANK RD,ALBEMARLE,NORTH GARDEN,VA,22959-9998,Active,Owned,,,,,"USPS Building, Not Prev. Leased",Land Data on separate record,No,1/1/1998,960
Northern Virginia,516540-G02,516540,NORTHERN VIRGINIA,MAIN  and-or  VMF,8409A LEE HWY,FAIRFAX,MERRIFIELD,VA,22081-1000,Active,Owned,1437611,X29889,Vehicle Maintenance,Vehicle Maintenance Facility (VMF),"USPS Building, Not Prev. Leased","USPS Land, Not Prev. Leased",No,3/1/1972,"29,000"
Appalachian,516582-G01,516582,NORTON,MAIN OFFICE,39 7TH ST NW,NORTON,NORTON,VA,24273-9998,Active,Owned,1375593,X27327,Post Office,Main Post Office,"USPS Building, Transferred","USPS Land, Transferred",Yes,4/1/1917,"10,947"
Richmond,516702-G01,516702,OLDHAMS,MAIN OFFICE,3498 OLDHAMS RD,WESTMORELAND,OLDHAMS,VA,22529-9998,Active,Owned,1376053,X27362,Post Office,Remotely Managed Post Office (RMPO),"USPS Building, Const. by USPS","USPS Land, Not Prev. Leased",No,10/1/1987,616
Richmond,516726-G01,516726,ONANCOCK,MAIN OFFICE,35 MARKET ST,ACCOMACK,ONANCOCK,VA,23417-1900,Active,Owned,1376135,X27364,Post Office,Main Post Office,"USPS Building, Not Prev. Leased","USPS Land, Not Prev. Leased",No,6/1/1936,"4,565"
Richmond,516756-G01,516756,ORANGE,MAIN OFFICE,129 W MAIN ST,ORANGE,ORANGE,VA,22960-9998,Active,Owned,1376215,X27369,Post Office,Administrative Post Office (APO),"USPS Building, Transferred","USPS Land, Transferred",No,10/1/1935,"6,055"
Richmond,517092-G01,517092,PETERSBURG,MAIN OFFICE,29 FRANKLIN ST,INDEPENDENT CITY,PETERSBURG,VA,23803-9997,Active,Owned,1377312,X27408,Post Office,Main Post Office,"USPS Building, Transferred","USPS Land, Transferred",Yes,6/1/1936,"43,445"
Richmond,517092-G03,517093,PETERSBURG,WALNUT HILL STATION,3131 S CRATER RD,INDEPENDENT CITY,PETERSBURG,VA,23805-9998,Active,Owned,1386302,X27915,Post Office,Station,"USPS Building, Const. by USPS","USPS Land, Not Prev. Leased",Yes,4/1/1989,"12,403"
Richmond,517224-G01,517224,PORT ROYAL,MAIN OFFICE (MOD & LAND),602 MAIN ST,CAROLINE,PORT ROYAL,VA,22535-9998,Active,Owned,1378110,X27435,Post Office,Remotely Managed Post Office (RMPO),"USPS Building, Not Prev. Leased","USPS Land, Prev. Leased",No,3/1/1999,960
Richmond,517230-G04,517230,PORTSMOUTH,MAIN OFFICE,933 BROAD ST,INDEPENDENT CITY,PORTSMOUTH,VA,23707-9998,Active,Owned,1378184,X27438,Post Office,Main Post Office,"USPS Building, Const. by USPS","USPS Land, Not Prev. Leased",Yes,6/1/1984,"21,521"
Richmond,517272-G02,517272,POWHATAN,MAIN OFFICE,4195 ANDERSON HWY,POWHATAN,POWHATAN,VA,23139-9998,Active,Owned,1378296,X27443,Post Office,Main Post Office,"USPS Building, Const. by USPS","USPS Land, Not Prev. Leased",Yes,6/1/1999,"20,960"
Richmond,517296-G02,517296,PRINCE GEORGE,MAIN OFFICE,6605 COURTHOUSE RD,PRINCE GEORGE,PRINCE GEORGE,VA,23875-9998,Active,Owned,1378413,X27449,Post Office,Main Post Office,"USPS Building, Not Prev. Leased","USPS Land, Not Prev. Leased",Yes,6/1/1998,"6,600"
Appalachian,517332-G01,517332,PULASKI,MAIN OFFICE,109 N WASHINGTON AVE,PULASKI,PULASKI,VA,24301-9998,Active,Owned,1378526,X27464,Post Office,Administrative Post Office (APO),"USPS Building, Transferred","USPS Land, Transferred",Yes,6/1/1917,"11,288"
Northern Virginia,517350-G03,517350,PURCELLVILLE,MAIN OFFICE,220 N HATCHER AVE,LOUDOUN,PURCELLVILLE,VA,20132-9998,Active,Owned,1378545,X27467,Post Office,Administrative Post Office (APO),"USPS Building, Prev. Leased","USPS Land, Prev. Leased",Yes,,"11,638"
Northern Virginia,517368-G02,517368,QUANTICO,MAIN OFFICE,400 5TH AVE,PRINCE WILLIAM,QUANTICO,VA,22134-9998,Active,Owned,1378596,X27471,Post Office,Main Post Office,"USPS Building, Const. by USPS",Land Data on separate record,Yes,1/1/1987,"8,613"
Richmond,517380-G01,517380,QUICKSBURG,MAIN OFFICE (MODULAR),4199 RIDGE RD,SHENANDOAH,QUICKSBURG,VA,22847-9998,Active,Owned,1378623,X27473,Post Office,Remotely Managed Post Office (RMPO),"USPS Building, Not Prev. Leased",Land Data on separate record,No,1/1/1997,"3,000"
Appalachian,517410-G02,517410,RADFORD,MAIN OFFICE,901 W MAIN ST,MONTGOMERY,RADFORD,VA,24141-9998,Active,Owned,1363412,X27479,Post Office,Administrative Post Office (APO),"USPS Building, Const. by USPS","USPS Land, Not Prev. Leased",Yes,8/1/1999,"19,000"
Richmond,517650-G11,517655,RICHMOND,AMPTHILL BRANCH,3930 MEADOWDALE BLVD,INDEPENDENT CITY,RICHMOND,VA,23234-9998,Active,Owned,1437255,X26028,Post Office,Branch,"USPS Building, Const. by USPS","USPS Land, Not Prev. Leased",Yes,11/1/1978,"10,077"
Richmond,517650-G05,517657,RICHMOND,BELLEVUE STATION,5327 CHAMBERLAYNE RD,INDEPENDENT CITY,RICHMOND,VA,23227-9998,Active,Owned,1437262,X26119,Post Office,Finance Branch,"USPS Building, Const. by USPS","USPS Land, Not Prev. Leased",Yes,10/1/1975,"9,072"
Richmond,517650-G15,517659,RICHMOND,BON AIR BRANCH,101 N PINETTA DR,INDEPENDENT CITY,RICHMOND,VA,23235-9998,Active,Owned,1437266,X26161,Post Office,Branch,"USPS Building, Const. by USPS","USPS Land, Not Prev. Leased",Yes,10/1/1985,"14,000"
Richmond,517650-G09,517663,RICHMOND,FOREST HILL STATION,1021 HIOAKS RD,INDEPENDENT CITY,RICHMOND,VA,23225-9998,Active,Owned,1363674,X26632,Post Office,Station,"USPS Building, Const. by USPS","USPS Land, Not Prev. Leased",Yes,8/1/1976,"12,065"
Richmond,517650-G25,517664,RICHMOND,LAKESIDE BRANCH,2100 E PARHAM RD,INDEPENDENT CITY,HENRICO,VA,23228-9998,Active,Owned,1437332,X26967,Post Office,Branch,"USPS Building, Const. by USPS","USPS Land, Not Prev. Leased",Yes,9/1/1997,"19,880"
Richmond,517650-G23,517665,RICHMOND,MONTROSE HEIGHTS STA,5300 KLOCKNER DR,RICHMOND CITY,HENRICO,VA,23231-9998,Active,Owned,1373671,X27203,Post Office,Station,"USPS Building, Not Prev. Leased","USPS Land, Not Prev. Leased",Yes,11/1/1998,"44,122"
Richmond,517650-G23,517665,RICHMOND,MONTROSE HEIGHTS STA,5300 KLOCKNER DR,RICHMOND CITY,HENRICO,VA,23231-9998,Active,Owned,1453183,14275,Post Office,Carrier Annex (ANX),"USPS Building, Not Prev. Leased","USPS Land, Not Prev. Leased",Yes,11/1/1998,"44,122"
Richmond,517650-G24,517667,RICHMOND,POCOSHOCK BRANCH,7501 LADY BLAIR LN,INDEPENDENT CITY,RICHMOND,VA,23236-9998,Active,Owned,1432959,1542,Post Office,Branch,"USPS Building, Const. by USPS","USPS Land, Not Prev. Leased",Yes,1/1/2000,"18,560"
Richmond,517650-G24,517667,RICHMOND,POCOSHOCK BRANCH,7501 LADY BLAIR LN,INDEPENDENT CITY,RICHMOND,VA,23236-9998,Active,Owned,1453127,14256,Post Office,Carrier Annex (ANX),"USPS Building, Const. by USPS","USPS Land, Not Prev. Leased",Yes,1/1/2000,"18,560"
Richmond,517650-G20,517669,RICHMOND,REGENCY BRANCH,2000 STARLING DR,INDEPENDENT CITY,HENRICO,VA,23229-9998,Active,Owned,1437363,X27504,Post Office,Branch,"USPS Building, Const. by USPS","USPS Land, Not Prev. Leased",Yes,10/1/1991,"26,134"
Richmond,517651-G07,517649,RICHMOND,RICHMOND P&DC,5801 TECHNOLOGY BLVD,HENRICO,SANDSTON,VA,23150-5016,Active,Owned,1450618,12546,Mail Processing,Processing and Distribution Center/Facility (PDC/PDF),"USPS Building, Const. by USPS","USPS Land, Not Prev. Leased",No,10/1/2009,"682,109"
Richmond,517650-G08,517670,RICHMOND,RIDGE BRANCH,10509 PATTERSON AVE,INDEPENDENT CITY,HENRICO,VA,23238-9998,Active,Owned,1437369,X27531,Post Office,Branch,"USPS Building, Const. by USPS","USPS Land, Not Prev. Leased",Yes,10/1/1977,"13,512"
Richmond,517650-G10,517672,RICHMOND,SOUTHSIDE STATION,2101 HOPKINS RD,INDEPENDENT CITY,RICHMOND,VA,23224-9998,Active,Owned,1382390,X27686,Post Office,Station,"USPS Building, Const. by USPS","USPS Land, Not Prev. Leased",Yes,9/1/1976,"10,724"
Richmond,517650-G13,517675,RICHMOND,WEST END BRANCH,2220 DABNEY RD,INDEPENDENT CITY,RICHMOND,VA,23230-9998,Active,Owned,1437409,X27962,Post Office,Finance Branch,"USPS Building, Const. by USPS","USPS Land, Not Prev. Leased",Yes,7/1/1981,"9,858"
Richmond,517650-G17,517676,RICHMOND,WESTHAMPTON STATION,805 GLENBURNIE RD,INDEPENDENT CITY,RICHMOND,VA,23226-9998,Active,Owned,1387300,X27973,Post Office,Station,"USPS Building, Const. by USPS","USPS Land, Not Prev. Leased",Yes,6/1/1988,"16,350"
Richmond,517650-G17,517676,RICHMOND,WESTHAMPTON STATION,805 GLENBURNIE RD,INDEPENDENT CITY,RICHMOND,VA,23226-9998,Active,Owned,1451455,13114,Post Office,Carrier Annex (ANX),"USPS Building, Const. by USPS","USPS Land, Not Prev. Leased",Yes,6/1/1988,"16,350"
Appalachian,517716-G05,517720,ROANOKE,CAVE SPRING BRANCH,4069 POSTAL DR,INDEPENDENT CITY,ROANOKE,VA,24018-9998,Active,Owned,1437276,X26291,Post Office,Branch,"USPS Building, Const. by USPS","USPS Land, Not Prev. Leased",Yes,10/1/1986,"16,486"
Appalachian,517717-G02,517717,ROANOKE,P&DC,419 RUTHERFORD AVE NE,INDEPENDENT CITY,ROANOKE,VA,24022-9997,Active,Owned,1437371,X27549,Post Office,Main Post Office,Unknown,Unknown,Yes,11/1/1973,"193,546"
Appalachian,517717-G02,517717,ROANOKE,P&DC,419 RUTHERFORD AVE NE,INDEPENDENT CITY,ROANOKE,VA,24022-9997,Active,Owned,1441283,X27548,Mail Processing,Processing and Distribution Center/Facility (PDC/PDF),Unknown,Unknown,Yes,11/1/1973,"193,546"
Appalachian,517716-G04,517716,ROANOKE,VMF,419 RUTHERFORD AVE NE,INDEPENDENT CITY,ROANOKE,VA,24022-9604,Active,Owned,1437625,X29910,Vehicle Maintenance,Vehicle Maintenance Facility (VMF),"USPS Building, Const. by USPS","USPS Land, Not Prev. Leased",No,11/1/1973,0
Richmond,517758-G02,517758,ROCKVILLE,MAIN OFFICE,16590 POUNCEY TRACT RD,HANOVER,ROCKVILLE,VA,23146-9998,Active,Owned,1379702,X27554,Post Office,Main Post Office,Lease Purchase,Lease Purchase,No,5/1/1990,"2,240"
Appalachian,517770-G01,517770,ROCKY MOUNT,MAIN OFFICE,20 E COLLEGE ST,FRANKLIN,ROCKY MOUNT,VA,24151-9998,Active,Owned,1379728,X27558,Post Office,Administrative Post Office (APO),"USPS Building, Not Prev. Leased","USPS Land, Not Prev. Leased",Yes,6/1/1937,"8,320"
Appalachian,517968-G02,517968,SALEM,MAIN OFFICE,320 W MAIN ST,ROANOKE,SALEM,VA,24153-9998,Active,Owned,1380482,X27594,Post Office,Administrative Post Office (APO),"USPS Building, Const. by USPS","USPS Land, Prev. Leased",No,9/1/1985,"7,788"
Richmond,518094-G01,518094,SEALSTON,MAIN OFFICE MODULAR,1130 KINGS HWY,KING GEORGE,SEALSTON,VA,22547-9998,Active,Owned,1381081,X27615,Post Office,Main Post Office,"USPS Building, Not Prev. Leased",Land Data on separate record,No,7/1/1998,60
Richmond,518340-G01,518340,SMITHFIELD,MAIN OFFICE,234 MAIN ST,ISLE OF WIGHT,SMITHFIELD,VA,23430-9998,Active,Owned,1381871,X27655,Post Office,Administrative Post Office (APO),"USPS Building, Not Prev. Leased","USPS Land, Not Prev. Leased",No,5/1/1941,"5,545"
Appalachian,518400-G01,518400,SOUTH BOSTON,MAIN OFFICE,601 N MAIN ST,INDEPENDENT CITY,SOUTH BOSTON,VA,24592-9998,Active,Owned,1382112,X27674,Post Office,Administrative Post Office (APO),"USPS Building, Transferred","USPS Land, Transferred",Yes,6/1/1918,"12,404"
Richmond,518412-G01,518412,SOUTH HILL,MAIN OFFICE,216 E FERRELL ST,MECKLENBURG,SOUTH HILL,VA,23970-9998,Active,Owned,1382183,X27677,Post Office,Main Post Office,"USPS Building, Const. by USPS","USPS Land, Not Prev. Leased",No,5/1/1976,"7,000"
Richmond,518454-G01,518454,SPOTSYLVANIA,MAIN OFFICE,7420 BROCK RD,SPOTSYLVANIA,SPOTSYLVANIA,VA,22553-9998,Active,Owned,1382503,X27701,Post Office,Main Post Office,"USPS Building, Const. by USPS","USPS Land, Not Prev. Leased",Yes,12/1/1998,"18,911"
Northern Virginia,518475-G01,518475,SPRINGFIELD,WEST SPRINGFIELD BR,6200 ROLLING RD,FAIRFAX,SPRINGFIELD,VA,22152-9998,Active,Owned,1437411,X27967,Post Office,Branch,"USPS Building, Const. by USPS","USPS Land, Not Prev. Leased",Yes,5/1/1976,"11,000"
Richmond,518496-G01,518496,STAFFORD,MAIN OFFICE,2650 JEFFERSON DAVIS HWY,STAFFORD,STAFFORD,VA,22554-9998,Active,Owned,1383232,X27736,Post Office,Main Post Office,"USPS Building, Const. by USPS","USPS Land, Not Prev. Leased",Yes,9/1/1995,"20,000"
Richmond,518514-G01,518514,STANARDSVILLE,MAIN OFFICE,47 CELT RD,GREENE,STANARDSVILLE,VA,22973-9998,Active,Owned,1383249,X27740,Post Office,Administrative Post Office (APO),"USPS Building, Not Prev. Leased","USPS Land, Not Prev. Leased",No,4/1/1995,"3,090"
Richmond,518556-G01,518556,STAUNTON,MAIN OFFICE,1430 N AUGUSTA ST,INDEPENDENT CITY,STAUNTON,VA,24401-9998,Active,Owned,1383470,X27753,Post Office,Main Post Office,"USPS Building, Prev. Leased","USPS Land, Prev. Leased",Yes,11/1/1969,"55,626"
Northern Virginia,518574-G01,518574,STEPHENS CITY,MAIN OFFICE,5071 MAIN ST,FREDERICK,STEPHENS CITY,VA,22655-9998,Active,Owned,1383509,X27759,Post Office,Main Post Office,"USPS Building, Not Prev. Leased","USPS Land, Not Prev. Leased",No,2/1/1981,"6,270"
Northern Virginia,518586-G01,518586,STERLING,MAIN OFFICE,150 S STERLING BLVD,LOUDOUN,STERLING,VA,20164-9998,Active,Owned,1383525,X27763,Post Office,Main Post Office,"USPS Building, Const. by USPS","USPS Land, Not Prev. Leased",Yes,9/1/1976,"15,287"
Northern Virginia,518588-G01,518588,STERLING,POTOMAC FALLS BRANCH,46164 WESTLAKE DR,LOUDOUN,STERLING,VA,20165-9998,Active,Owned,1437721,X2A710,Post Office,Branch,"USPS Building, Const. by USPS","USPS Land, Not Prev. Leased",Yes,6/1/1998,"22,902"
Northern Virginia,518634-G01,518634,STRASBURG,MAIN OFFICE,152 W KING ST,SHENANDOAH,STRASBURG,VA,22657-9998,Active,Owned,1383728,X27779,Post Office,Administrative Post Office (APO),"USPS Building, Transferred","USPS Land, Transferred",Yes,6/1/1936,"4,300"
Northern Virginia,518634-G01,518634,STRASBURG,MAIN OFFICE,152 W KING ST,SHENANDOAH,STRASBURG,VA,22657-9998,Active,Owned,1478075,17924,Post Office,Detached Box Unit,"USPS Building, Transferred","USPS Land, Transferred",Yes,6/1/1936,"4,300"
Appalachian,518658-G01,518658,STUART,MAIN OFFICE,101 N MAIN ST,PATRICK,STUART,VA,24171-9998,Active,Owned,1383789,X27782,Post Office,Administrative Post Office (APO),"USPS Building, Transferred","USPS Land, Transferred",No,6/1/1941,"5,786"
Richmond,518682-G02,518683,SUFFOLK,DRIVER STATION,4897 BENNETTS PASTURE RD,INDEPENDENT CITY,SUFFOLK,VA,23435-9998,Active,Owned,1361324,X26514,Post Office,Station,"USPS Building, Const. by USPS","USPS Land, Not Prev. Leased",Yes,3/1/1976,"7,005"
Richmond,518682-G04,518682,SUFFOLK,MAIN OFFICE,445 N MAIN ST,INDEPENDENT CITY,SUFFOLK,VA,23434-9998,Active,Owned,1383833,X27785,Post Office,Main Post Office,"USPS Building, Prev. Leased","USPS Land, Prev. Leased",Yes,5/1/1961,"11,980"
Northern Virginia,518694-G01,518694,SUMERDUCK,MAIN OFFICE,5338 SUMERDUCK RD,FAUQUIER,SUMERDUCK,VA,22742-9997,Active,Owned,1383887,X27787,Post Office,Remotely Managed Post Office (RMPO),"USPS Building, Const. by USPS","USPS Land, Not Prev. Leased",No,7/1/2000,"1,500"
Richmond,518874-G01,518874,TASLEY,MAIN OFFICE (MODULAR),24148 MERRY BRANCH RD,ACCOMACK,TASLEY,VA,23441-9900,Active,Owned,1384307,X27808,Post Office,Remotely Managed Post Office (RMPO),"USPS Building, Not Prev. Leased",Land Data on separate record,No,9/1/1999,960
Appalachian,518886-G01,518886,TAZEWELL,MAIN OFFICE,200 W MAIN ST,TAZEWELL,TAZEWELL,VA,24651-9998,Active,Owned,1384348,X27809,Post Office,Administrative Post Office (APO),"USPS Building, Transferred","USPS Land, Transferred",No,8/1/1937,"6,359"
Appalachian,518916-G01,518916,THAXTON,MAIN OFFICE,1162 PENICKS MILL RD,BEDFORD,THAXTON,VA,24174-9998,Active,Owned,1384497,X27811,Post Office,Remotely Managed Post Office (RMPO),"USPS Building, Prev. Leased","USPS Land, Prev. Leased",No,3/1/1969,960
Appalachian,519276-G01,519276,VERNON HILL,MAIN OFFICE,10164 MOUNTAIN RD,HALIFAX,VERNON HILL,VA,24597-9998,Active,Owned,1385854,X27882,Post Office,Remotely Managed Post Office (RMPO),"USPS Building, Const. by USPS","USPS Land, Not Prev. Leased",No,10/1/1987,928
Appalachian,519288-G01,519288,VESTA,MAIN OFFICE,16 COMMUNITY LN,PATRICK,VESTA,VA,24177-9998,Active,Owned,1385894,X27884,Post Office,Remotely Managed Post Office (RMPO),"USPS Building, Not Prev. Leased",Land Data on separate record,No,5/1/2001,860
Northern Virginia,519319-G01,519319,VIENNA,DUNN LORING BRANCH,2302 GALLOWS RD,FAIRFAX,DUNN LORING,VA,22027-9998,Active,Owned,1437289,X26529,Post Office,Finance Branch,"USPS Building, Prev. Leased","USPS Land, Prev. Leased",No,10/1/1997,"1,672"
Northern Virginia,519318-G01,519318,VIENNA,MAIN OFFICE,200 LAWYERS RD NW,FAIRFAX,VIENNA,VA,22180-9998,Active,Owned,1385957,X27887,Post Office,Main Post Office,"USPS Building, Const. by USPS","USPS Land, Not Prev. Leased",Yes,10/1/1976,"15,493"
Northern Virginia,519320-G01,519320,VIENNA,OAKTON BRANCH,10449 WHITE GRANITE DR,FAIRFAX,OAKTON,VA,22124-9998,Active,Owned,1437586,X29803,Post Office,Branch,"USPS Building, Const. by USPS","USPS Land, Not Prev. Leased",Yes,5/1/2000,"17,856"
Richmond,519360-G05,519361,VIRGINIA BEACH,ACREDALE BRANCH,1225 KEMPSVILLE RD,INDEPENDENT CITY,VIRGINIA BEACH,VA,23464-9998,Active,Owned,1352327,X25993,Post Office,Station,"USPS Building, Const. by USPS","USPS Land, Not Prev. Leased",Yes,9/1/1979,"9,768"
Richmond,519360-G07,519363,VIRGINIA BEACH,BAYSIDE STATION,2109 THOROUGHGOOD RD,INDEPENDENT CITY,VIRGINIA BEACH,VA,23455-9998,Active,Owned,1354277,X26105,Post Office,Station,"USPS Building, Not Prev. Leased","USPS Land, Not Prev. Leased",Yes,10/1/1993,"25,056"
Richmond,519360-G06,519360,VIRGINIA BEACH,MAIN OFFICE,501 VIKING DR,INDEPENDENT CITY,VIRGINIA BEACH,VA,23452-9998,Active,Owned,1386045,X27897,Post Office,Main Post Office,"USPS Building, Const. by USPS","USPS Land, Not Prev. Leased",Yes,5/1/1982,"19,140"
Richmond,519360-G15,519365,VIRGINIA BEACH,PRINCESS ANNE STA,2509 GEORGE MASON DR,VIRGINIA BEACH,VIRGINIA BEACH,VA,23456-9998,Active,Owned,1378419,X27452,Post Office,Station,"USPS Building, Const. by USPS","USPS Land, Not Prev. Leased",Yes,9/1/1997,"26,228"
Richmond,519360-G08,519367,VIRGINIA BEACH,WITCH DUCK STATION,4831 COLUMBUS ST,VIRGINIA BEACH,VIRGINIA BEACH,VA,23462-9998,Active,Owned,1388088,X28023,Post Office,Station,"USPS Building, Const. by USPS","USPS Land, Not Prev. Leased",Yes,7/1/1987,"22,080"
Richmond,519402-G01,519402,WAKEFIELD,MAIN OFFICE,312 W CHURCH ST,SUSSEX,WAKEFIELD,VA,23888-9998,Active,Owned,1386181,X27906,Post Office,Administrative Post Office (APO),"USPS Building, Const. by USPS","USPS Land, Not Prev. Leased",No,9/1/1990,"2,960"
Northern Virginia,519504-G01,519504,WARRENTON,MAIN OFFICE,53 MAIN ST,FAUQUIER,WARRENTON,VA,20186-9998,Active,Owned,1386448,X27926,Post Office,Main Post Office,"USPS Building, Transferred","USPS Land, Transferred",Yes,6/1/1933,"7,724"
Richmond,519570-G02,519570,WAYNESBORO,MAIN OFFICE,200 S WAYNE AVE,INDEPENDENT CITY,WAYNESBORO,VA,22980-9998,Active,Owned,1386738,X27947,Post Office,Administrative Post Office (APO),"USPS Building, Transferred","USPS Land, Transferred",Yes,6/1/1959,"17,344"
Richmond,519636-G01,519636,WEST POINT,MAIN OFFICE,925 MAIN ST,KING WILLIAM,WEST POINT,VA,23181-9998,Active,Owned,1387146,X27965,Post Office,Main Post Office,"USPS Building, Not Prev. Leased","USPS Land, Not Prev. Leased",No,6/1/1933,"4,997"
Richmond,519740-G01,519740,WICOMICO,MAIN OFFICE,6926 POWHATAN DR,GLOUCESTER,WICOMICO,VA,23184-9998,Active,Owned,1387649,X27994,Post Office,Remotely Managed Post Office (RMPO),"USPS Building, Const. by USPS","USPS Land, Not Prev. Leased",No,2/1/1989,"1,168"
Richmond,519770-G01,519770,WILLIAMSBURG,MAIN OFFICE,425 N BOUNDARY ST,INDEPENDENT CITY,WILLIAMSBURG,VA,23185-9998,Active,Owned,1437413,X27999,Post Office,Main Post Office,"USPS Building, Const. by USPS",Land Data on separate record,Yes,7/1/1990,"27,531"
Richmond,519770-G03,519771,WILLIAMSBURG,MONTICELLO BRANCH,5219 MONTICELLO AVE,WILLIAMSBURG,WILLIAMSBURG,VA,23188-9998,Active,Owned,1373633,1994,Post Office,Station,"USPS Building, Const. by USPS","USPS Land, Not Prev. Leased",Yes,10/1/2001,"24,485"
Northern Virginia,519805-G02,519805,WINCHESTER,MAIN OFFICE,340 N PLEASANT VALLEY RD,INDEPENDENT CITY,WINCHESTER,VA,22601-9992,Active,Owned,1387913,X28012,Post Office,Main Post Office,"USPS Building, Const. by USPS","USPS Land, Not Prev. Leased",Yes,10/1/1976,"28,000"
Appalachian,519840-G01,519840,WISE,MAIN OFFICE,208 MAIN ST,WISE,WISE,VA,24293-9998,Active,Owned,1388079,X28022,Post Office,Main Post Office,"USPS Building, Const. by USPS","USPS Land, Not Prev. Leased",Yes,9/1/1983,"7,846"
Northern Virginia,519870-G09,519870,WOODBRIDGE,MAIN OFFICE,1810 REDDY DR,PRINCE WILLIAM,WOODBRIDGE,VA,22191-9998,Active,Owned,1388159,X28032,Post Office,Main Post Office,"USPS Building, Prev. Leased","USPS Land, Prev. Leased",Yes,12/1/1970,"11,988"
Northern Virginia,519871-G01,519871,WOODBRIDGE,PRINCE WILLIAM BRANCH,3360 POST OFFICE RD,PRINCE WILLIAM,WOODBRIDGE,VA,22193-9996,Active,Owned,1437720,X2A708,Post Office,Branch,"USPS Building, Not Prev. Leased","USPS Land, Not Prev. Leased",Yes,5/1/1993,"47,132"
Northern Virginia,519871-G01,519871,WOODBRIDGE,PRINCE WILLIAM BRANCH,3360 POST OFFICE RD,PRINCE WILLIAM,WOODBRIDGE,VA,22193-9996,Active,Owned,1442395,6171,Post Office,Carrier Annex (ANX),"USPS Building, Not Prev. Leased","USPS Land, Not Prev. Leased",Yes,5/1/1993,"47,132"
Northern Virginia,519890-G01,519890,WOODSTOCK,MAIN OFFICE,120 S MUHLENBERG ST,SHENANDOAH,WOODSTOCK,VA,22664-9998,Active,Owned,1388247,X28045,Post Office,Administrative Post Office (APO),"USPS Building, Not Prev. Leased","USPS Land, Not Prev. Leased",No,6/1/1933,"4,695"
Appalachian,519905-G01,519905,WOOLWINE,MAIN OFFICE,9724 WOOLWINE HWY,PATRICK,WOOLWINE,VA,24185-9998,Active,Owned,1388286,X28050,Post Office,Remotely Managed Post Office (RMPO),Lease Purchase,Lease Purchase,No,4/1/1984,"1,362"
Appalachian,519930-G03,519930,WYTHEVILLE,MAIN OFFICE,380 W MAIN ST,WYTHE,WYTHEVILLE,VA,24382-9998,Active,Owned,1388406,X28056,Post Office,Main Post Office,"USPS Building, Const. by USPS","USPS Land, Not Prev. Leased",Yes,6/1/2000,"15,780"
Total,,,,,,,,,,,,,,,,,,,,"8,142,357"
Count,,,,,,,,,,,,,,,,,,,,245
